{
  "model": "lightgbm",
  "version": "20250905-163847",
  "features": [
    "credit_income_perc",
    "annuity_income_perc",
    "goods_price_income_perc",
    "age_years",
    "employed_years",
    "ext1",
    "ext2",
    "ext3",
    "cnt_children",
    "cnt_family_members",
    "is_new_to_credit"
  ],
  "threshold": 0.09090909090909091,
  "cost_fp": 1.0,
  "cost_fn": 10.0,
  "train_rows": 276759,
  "test_rows": 30752,
  "split_info": "lock test 10% (stratified)",
  "metrics": {
    "accuracy": 0.7260015608740895,
    "precision": 0.17256198347107438,
    "recall": 0.6306886830447039,
    "f1": 0.27098113860529505,
    "cost": 16679.0,
    "cost_per_1k": 542.371227887617,
    "tp": 1566,
    "fp": 7509,
    "fn": 917,
    "tn": 20760
  },
  "files": {
    "train_csv": "train_features_v1.csv",
    "test_csv": null,
    "model_path": "lightgbm_isotonic_20250905-163847.pkl"
  }
}